Song Name,Artist(s),Time Listened,Chunk
"Daaru Desi (From ""Cocktail"")","Benny Dayal, Shalmali Kholgade, Pritam","2025-07-01 06:56:28","Chunk 1","0.5586","0.7034","0.3441","0.0192","0.1113","-12.3603","0.1078","130.0593","0.5661"
"Daaru Desi (From ""Cocktail"")","Benny Dayal, Shalmali Kholgade, Pritam","2025-07-01 06:56:28","Chunk 2","0.4096","0.5986","0.6852","0.0055","0.1335","-8.6214","0.0541","157.9954","0.4971"
"Daaru Desi (From ""Cocktail"")","Benny Dayal, Shalmali Kholgade, Pritam","2025-07-01 06:56:28","Chunk 3","0.3659","0.6393","0.6515","0.0196","0.1242","-9.2664","0.0722","158.6845","0.4943"
"Daaru Desi (From ""Cocktail"")","Benny Dayal, Shalmali Kholgade, Pritam","2025-07-01 06:56:28","Chunk 4","0.4491","0.5851","0.6661","0.0053","0.1396","-8.1919","0.0463","152.5608","0.4664"
"Daaru Desi (From ""Cocktail"")","Benny Dayal, Shalmali Kholgade, Pritam","2025-07-01 06:56:33","Chunk 1","0.5586","0.7034","0.3441","0.0192","0.1113","-12.3603","0.1078","130.0593","0.5661"
"Daaru Desi (From ""Cocktail"")","Benny Dayal, Shalmali Kholgade, Pritam","2025-07-01 06:56:38","Chunk 1","0.5586","0.7034","0.3441","0.0192","0.1113","-12.3603","0.1078","130.0593","0.5661"
"Daaru Desi (From ""Cocktail"")","Benny Dayal, Shalmali Kholgade, Pritam","2025-07-01 06:56:28","Chunk 5","0.5634","0.5492","0.6912","0.0066","0.1381","-8.3671","0.0587","155.1593","0.5205"
"Daaru Desi (From ""Cocktail"")","Benny Dayal, Shalmali Kholgade, Pritam","2025-07-01 06:56:28","Chunk 6","0.2952","0.6013","0.7193","0.2854","0.134","-9.0426","0.0536","148.2088","0.4513"
"Daaru Desi (From ""Cocktail"")","Benny Dayal, Shalmali Kholgade, Pritam","2025-07-01 06:56:38","Chunk 2","0.4096","0.5986","0.6852","0.0055","0.1335","-8.6214","0.0541","157.9954","0.4971"
"Daaru Desi (From ""Cocktail"")","Benny Dayal, Shalmali Kholgade, Pritam","2025-07-01 06:56:28","Chunk 7","0.6181","0.5463","0.6815","0.0035","0.1362","-8.2451","0.05","173.7016","0.5062"
"Daaru Desi (From ""Cocktail"")","Benny Dayal, Shalmali Kholgade, Pritam","2025-07-01 06:56:38","Chunk 3","0.3659","0.6393","0.6515","0.0196","0.1242","-9.2664","0.0722","158.6845","0.4943"
"Daaru Desi (From ""Cocktail"")","Benny Dayal, Shalmali Kholgade, Pritam","2025-07-01 06:56:43","Chunk 1","0.5586","0.7034","0.3441","0.0192","0.1113","-12.3603","0.1078","130.0593","0.5661"
"Daaru Desi (From ""Cocktail"")","Benny Dayal, Shalmali Kholgade, Pritam","2025-07-01 06:56:28","Chunk 8","0.428","0.6196","0.6945","0.0009","0.1363","-7.9782","0.0681","132.6334","0.5813"
"Daaru Desi (From ""Cocktail"")","Benny Dayal, Shalmali Kholgade, Pritam","2025-07-01 06:56:43","Chunk 2","0.4096","0.5986","0.6852","0.0055","0.1335","-8.6214","0.0541","157.9954","0.4971"
"Daaru Desi (From ""Cocktail"")","Benny Dayal, Shalmali Kholgade, Pritam","2025-07-01 06:56:38","Chunk 4","0.4491","0.5851","0.6661","0.0053","0.1396","-8.1919","0.0463","152.5608","0.4664"
"Daaru Desi (From ""Cocktail"")","Benny Dayal, Shalmali Kholgade, Pritam","2025-07-01 06:56:28","Chunk 9","0.4791","0.6371","0.5941","0.3717","0.134","-11.3317","0.0629","142.7522","0.4997"
"Daaru Desi (From ""Cocktail"")","Benny Dayal, Shalmali Kholgade, Pritam","2025-07-01 06:56:48","Chunk 1","0.5586","0.7034","0.3441","0.0192","0.1113","-12.3603","0.1078","130.0593","0.5661"
"Daaru Desi (From ""Cocktail"")","Benny Dayal, Shalmali Kholgade, Pritam","2025-07-01 06:56:38","Chunk 5","0.5634","0.5492","0.6912","0.0066","0.1381","-8.3671","0.0587","155.1593","0.5205"
"Daaru Desi (From ""Cocktail"")","Benny Dayal, Shalmali Kholgade, Pritam","2025-07-01 06:56:43","Chunk 3","0.3659","0.6393","0.6515","0.0196","0.1242","-9.2664","0.0722","158.6845","0.4943"
"Daaru Desi (From ""Cocktail"")","Benny Dayal, Shalmali Kholgade, Pritam","2025-07-01 06:56:38","Chunk 6","0.2952","0.6013","0.7193","0.2854","0.134","-9.0426","0.0536","148.2088","0.4513"
"Daaru Desi (From ""Cocktail"")","Benny Dayal, Shalmali Kholgade, Pritam","2025-07-01 06:56:43","Chunk 4","0.4491","0.5851","0.6661","0.0053","0.1396","-8.1919","0.0463","152.5608","0.4664"
"Daaru Desi (From ""Cocktail"")","Benny Dayal, Shalmali Kholgade, Pritam","2025-07-01 06:56:48","Chunk 2","0.4096","0.5986","0.6852","0.0055","0.1335","-8.6214","0.0541","157.9954","0.4971"
"Daaru Desi (From ""Cocktail"")","Benny Dayal, Shalmali Kholgade, Pritam","2025-07-01 06:56:38","Chunk 7","0.6181","0.5463","0.6815","0.0035","0.1362","-8.2451","0.05","173.7016","0.5062"
"Daaru Desi (From ""Cocktail"")","Benny Dayal, Shalmali Kholgade, Pritam","2025-07-01 06:56:43","Chunk 5","0.5634","0.5492","0.6912","0.0066","0.1381","-8.3671","0.0587","155.1593","0.5205"
"Daaru Desi (From ""Cocktail"")","Benny Dayal, Shalmali Kholgade, Pritam","2025-07-01 06:56:48","Chunk 3","0.3659","0.6393","0.6515","0.0196","0.1242","-9.2664","0.0722","158.6845","0.4943"
"Daaru Desi (From ""Cocktail"")","Benny Dayal, Shalmali Kholgade, Pritam","2025-07-01 06:56:38","Chunk 8","0.428","0.6196","0.6945","0.0009","0.1363","-7.9782","0.0681","132.6334","0.5813"
"Daaru Desi (From ""Cocktail"")","Benny Dayal, Shalmali Kholgade, Pritam","2025-07-01 06:56:48","Chunk 4","0.4491","0.5851","0.6661","0.0053","0.1396","-8.1919","0.0463","152.5608","0.4664"
"Daaru Desi (From ""Cocktail"")","Benny Dayal, Shalmali Kholgade, Pritam","2025-07-01 06:56:43","Chunk 6","0.2952","0.6013","0.7193","0.2854","0.134","-9.0426","0.0536","148.2088","0.4513"
"Daaru Desi (From ""Cocktail"")","Benny Dayal, Shalmali Kholgade, Pritam","2025-07-01 06:56:38","Chunk 9","0.4791","0.6371","0.5941","0.3717","0.134","-11.3317","0.0629","142.7522","0.4997"
"Daaru Desi (From ""Cocktail"")","Benny Dayal, Shalmali Kholgade, Pritam","2025-07-01 06:56:43","Chunk 7","0.6181","0.5463","0.6815","0.0035","0.1362","-8.2451","0.05","173.7016","0.5062"
"Daaru Desi (From ""Cocktail"")","Benny Dayal, Shalmali Kholgade, Pritam","2025-07-01 06:56:48","Chunk 5","0.5634","0.5492","0.6912","0.0066","0.1381","-8.3671","0.0587","155.1593","0.5205"
"Daaru Desi (From ""Cocktail"")","Benny Dayal, Shalmali Kholgade, Pritam","2025-07-01 06:56:43","Chunk 8","0.428","0.6196","0.6945","0.0009","0.1363","-7.9782","0.0681","132.6334","0.5813"
"Daaru Desi (From ""Cocktail"")","Benny Dayal, Shalmali Kholgade, Pritam","2025-07-01 06:56:48","Chunk 6","0.2952","0.6013","0.7193","0.2854","0.134","-9.0426","0.0536","148.2088","0.4513"
"Daaru Desi (From ""Cocktail"")","Benny Dayal, Shalmali Kholgade, Pritam","2025-07-01 06:56:43","Chunk 9","0.4791","0.6371","0.5941","0.3717","0.134","-11.3317","0.0629","142.7522","0.4997"
"Daaru Desi (From ""Cocktail"")","Benny Dayal, Shalmali Kholgade, Pritam","2025-07-01 06:56:48","Chunk 7","0.6181","0.5463","0.6815","0.0035","0.1362","-8.2451","0.05","173.7016","0.5062"
"In Da Getto","J Balvin, Skrillex","2025-07-01 06:57:03","Chunk 1","0.2475","0.8285","0.6301","0.0017","0.1163","-7.921","0.1602","120.9089","0.7164"
"Daaru Desi (From ""Cocktail"")","Benny Dayal, Shalmali Kholgade, Pritam","2025-07-01 06:56:48","Chunk 8","0.428","0.6196","0.6945","0.0009","0.1363","-7.9782","0.0681","132.6334","0.5813"
"In Da Getto","J Balvin, Skrillex","2025-07-01 06:57:03","Chunk 2","0.1038","0.7985","0.783","0.0104","0.1081","-6.0239","0.104","121.2777","0.6263"
"Daaru Desi (From ""Cocktail"")","Benny Dayal, Shalmali Kholgade, Pritam","2025-07-01 06:56:48","Chunk 9","0.4791","0.6371","0.5941","0.3717","0.134","-11.3317","0.0629","142.7522","0.4997"
"In Da Getto","J Balvin, Skrillex","2025-07-01 06:57:03","Chunk 3","0.0853","0.8303","0.736","0.0121","0.0997","-7.4199","0.1208","135.7315","0.716"
"In Da Getto","J Balvin, Skrillex","2025-07-01 06:57:03","Chunk 4","0.0586","0.8011","0.7704","0.0454","0.1018","-6.7561","0.1034","121.0736","0.6077"
"In Da Getto","J Balvin, Skrillex","2025-07-01 06:57:03","Chunk 5","0.2003","0.4659","0.7047","0.3963","0.1543","-9.1982","0.0645","109.9129","0.527"
"In Da Getto","J Balvin, Skrillex","2025-07-01 07:01:28","Chunk 1","0.2475","0.8285","0.6301","0.0017","0.1163","-7.921","0.1602","120.9089","0.7164"
"In Da Getto","J Balvin, Skrillex","2025-07-01 07:01:28","Chunk 2","0.1038","0.7985","0.783","0.0104","0.1081","-6.0239","0.104","121.2777","0.6263"
"In Da Getto","J Balvin, Skrillex","2025-07-01 07:01:28","Chunk 3","0.0853","0.8303","0.736","0.0121","0.0997","-7.4199","0.1208","135.7315","0.716"
"In Da Getto","J Balvin, Skrillex","2025-07-01 07:01:28","Chunk 4","0.0586","0.8011","0.7704","0.0454","0.1018","-6.7561","0.1034","121.0736","0.6077"
"In Da Getto","J Balvin, Skrillex","2025-07-01 07:01:33","Chunk 1","0.2475","0.8285","0.6301","0.0017","0.1163","-7.921","0.1602","120.9089","0.7164"
"In Da Getto","J Balvin, Skrillex","2025-07-01 07:01:28","Chunk 5","0.2003","0.4659","0.7047","0.3963","0.1543","-9.1982","0.0645","109.9129","0.527"
"In Da Getto","J Balvin, Skrillex","2025-07-01 07:01:33","Chunk 2","0.1038","0.7985","0.783","0.0104","0.1081","-6.0239","0.104","121.2777","0.6263"
"In Da Getto","J Balvin, Skrillex","2025-07-01 07:01:33","Chunk 3","0.0853","0.8303","0.736","0.0121","0.0997","-7.4199","0.1208","135.7315","0.716"
"In Da Getto","J Balvin, Skrillex","2025-07-01 07:01:33","Chunk 4","0.0586","0.8011","0.7704","0.0454","0.1018","-6.7561","0.1034","121.0736","0.6077"
"In Da Getto","J Balvin, Skrillex","2025-07-01 07:01:33","Chunk 5","0.2003","0.4659","0.7047","0.3963","0.1543","-9.1982","0.0645","109.9129","0.527"
"Hum Tum","Jatin-Lalit, Alka Yagnik, Babul Supriyo, Prasoon Joshi","2025-07-01 07:03:19","Chunk 1","0.779","0.3573","0.2039","0.0194","0.1241","-14.9114","0.0318","88.7117","0.2078"
"Hum Tum","Jatin-Lalit, Alka Yagnik, Babul Supriyo, Prasoon Joshi","2025-07-01 07:03:19","Chunk 2","0.5946","0.5341","0.4534","0.0132","0.1541","-10.0971","0.0399","108.7756","0.4587"
"Hum Tum","Jatin-Lalit, Alka Yagnik, Babul Supriyo, Prasoon Joshi","2025-07-01 07:03:19","Chunk 3","0.6863","0.5061","0.5856","0.0372","0.1542","-8.6092","0.0453","94.0515","0.4733"
"Hum Tum","Jatin-Lalit, Alka Yagnik, Babul Supriyo, Prasoon Joshi","2025-07-01 07:03:24","Chunk 1","0.779","0.3573","0.2039","0.0194","0.1241","-14.9114","0.0318","88.7117","0.2078"
"Hum Tum","Jatin-Lalit, Alka Yagnik, Babul Supriyo, Prasoon Joshi","2025-07-01 07:03:19","Chunk 4","0.4774","0.4628","0.6377","0.5736","0.1385","-8.3958","0.0396","115.303","0.4766"
"Hum Tum","Jatin-Lalit, Alka Yagnik, Babul Supriyo, Prasoon Joshi","2025-07-01 07:03:24","Chunk 2","0.5946","0.5341","0.4534","0.0132","0.1541","-10.0971","0.0399","108.7756","0.4587"
"Hum Tum","Jatin-Lalit, Alka Yagnik, Babul Supriyo, Prasoon Joshi","2025-07-01 07:03:19","Chunk 5","0.4938","0.5124","0.5522","0.0107","0.1366","-7.9968","0.0462","107.0354","0.5652"
"Hum Tum","Jatin-Lalit, Alka Yagnik, Babul Supriyo, Prasoon Joshi","2025-07-01 07:03:24","Chunk 3","0.6863","0.5061","0.5856","0.0372","0.1542","-8.6092","0.0453","94.0515","0.4733"
"Hum Tum","Jatin-Lalit, Alka Yagnik, Babul Supriyo, Prasoon Joshi","2025-07-01 07:03:19","Chunk 6","0.6421","0.4764","0.6076","0.088","0.1462","-7.9267","0.0488","143.5523","0.4472"
"Hum Tum","Jatin-Lalit, Alka Yagnik, Babul Supriyo, Prasoon Joshi","2025-07-01 07:03:19","Chunk 7","0.4469","0.5014","0.6325","0.3354","0.1437","-10.0295","0.0317","99.4736","0.5753"
"Hum Tum","Jatin-Lalit, Alka Yagnik, Babul Supriyo, Prasoon Joshi","2025-07-01 07:03:24","Chunk 4","0.4774","0.4628","0.6377","0.5736","0.1385","-8.3958","0.0396","115.303","0.4766"
"Hum Tum","Jatin-Lalit, Alka Yagnik, Babul Supriyo, Prasoon Joshi","2025-07-01 07:03:29","Chunk 1","0.779","0.3573","0.2039","0.0194","0.1241","-14.9114","0.0318","88.7117","0.2078"
"Hum Tum","Jatin-Lalit, Alka Yagnik, Babul Supriyo, Prasoon Joshi","2025-07-01 07:03:19","Chunk 8","0.5871","0.5054","0.5752","0.0047","0.1483","-8.7693","0.0443","126.7213","0.5704"
"Hum Tum","Jatin-Lalit, Alka Yagnik, Babul Supriyo, Prasoon Joshi","2025-07-01 07:03:24","Chunk 5","0.4938","0.5124","0.5522","0.0107","0.1366","-7.9968","0.0462","107.0354","0.5652"
"Hum Tum","Jatin-Lalit, Alka Yagnik, Babul Supriyo, Prasoon Joshi","2025-07-01 07:03:29","Chunk 2","0.5946","0.5341","0.4534","0.0132","0.1541","-10.0971","0.0399","108.7756","0.4587"
"Hum Tum","Jatin-Lalit, Alka Yagnik, Babul Supriyo, Prasoon Joshi","2025-07-01 07:03:34","Chunk 1","0.779","0.3573","0.2039","0.0194","0.1241","-14.9114","0.0318","88.7117","0.2078"
"Hum Tum","Jatin-Lalit, Alka Yagnik, Babul Supriyo, Prasoon Joshi","2025-07-01 07:03:19","Chunk 9","0.5604","0.5197","0.5961","0.0161","0.1545","-8.0497","0.0362","96.105","0.482"
"Hum Tum","Jatin-Lalit, Alka Yagnik, Babul Supriyo, Prasoon Joshi","2025-07-01 07:03:24","Chunk 6","0.6421","0.4764","0.6076","0.088","0.1462","-7.9267","0.0488","143.5523","0.4472"
"Hum Tum","Jatin-Lalit, Alka Yagnik, Babul Supriyo, Prasoon Joshi","2025-07-01 07:03:19","Chunk 10","0.4907","0.489","0.6555","0.0064","0.1604","-7.4483","0.0394","103.6526","0.4782"
"Hum Tum","Jatin-Lalit, Alka Yagnik, Babul Supriyo, Prasoon Joshi","2025-07-01 07:03:29","Chunk 3","0.6863","0.5061","0.5856","0.0372","0.1542","-8.6092","0.0453","94.0515","0.4733"
"Hum Tum","Jatin-Lalit, Alka Yagnik, Babul Supriyo, Prasoon Joshi","2025-07-01 07:03:34","Chunk 2","0.5946","0.5341","0.4534","0.0132","0.1541","-10.0971","0.0399","108.7756","0.4587"
"Hum Tum","Jatin-Lalit, Alka Yagnik, Babul Supriyo, Prasoon Joshi","2025-07-01 07:03:24","Chunk 7","0.4469","0.5014","0.6325","0.3354","0.1437","-10.0295","0.0317","99.4736","0.5753"
"Hum Tum","Jatin-Lalit, Alka Yagnik, Babul Supriyo, Prasoon Joshi","2025-07-01 07:03:29","Chunk 4","0.4774","0.4628","0.6377","0.5736","0.1385","-8.3958","0.0396","115.303","0.4766"
"Hum Tum","Jatin-Lalit, Alka Yagnik, Babul Supriyo, Prasoon Joshi","2025-07-01 07:03:34","Chunk 3","0.6863","0.5061","0.5856","0.0372","0.1542","-8.6092","0.0453","94.0515","0.4733"
"Hum Tum","Jatin-Lalit, Alka Yagnik, Babul Supriyo, Prasoon Joshi","2025-07-01 07:03:19","Chunk 11","0.719","0.3667","0.3818","0.0564","0.1386","-11.8636","0.0598","109.5146","0.2685"
"Hum Tum","Jatin-Lalit, Alka Yagnik, Babul Supriyo, Prasoon Joshi","2025-07-01 07:03:24","Chunk 8","0.5871","0.5054","0.5752","0.0047","0.1483","-8.7693","0.0443","126.7213","0.5704"
"Hum Tum","Jatin-Lalit, Alka Yagnik, Babul Supriyo, Prasoon Joshi","2025-07-01 07:03:39","Chunk 1","0.779","0.3573","0.2039","0.0194","0.1241","-14.9114","0.0318","88.7117","0.2078"
"Hum Tum","Jatin-Lalit, Alka Yagnik, Babul Supriyo, Prasoon Joshi","2025-07-01 07:03:29","Chunk 5","0.4938","0.5124","0.5522","0.0107","0.1366","-7.9968","0.0462","107.0354","0.5652"
"Hum Tum","Jatin-Lalit, Alka Yagnik, Babul Supriyo, Prasoon Joshi","2025-07-01 07:03:24","Chunk 9","0.5604","0.5197","0.5961","0.0161","0.1545","-8.0497","0.0362","96.105","0.482"
"Hum Tum","Jatin-Lalit, Alka Yagnik, Babul Supriyo, Prasoon Joshi","2025-07-01 07:03:29","Chunk 6","0.6421","0.4764","0.6076","0.088","0.1462","-7.9267","0.0488","143.5523","0.4472"
"Hum Tum","Jatin-Lalit, Alka Yagnik, Babul Supriyo, Prasoon Joshi","2025-07-01 07:03:34","Chunk 4","0.4774","0.4628","0.6377","0.5736","0.1385","-8.3958","0.0396","115.303","0.4766"
"Hum Tum","Jatin-Lalit, Alka Yagnik, Babul Supriyo, Prasoon Joshi","2025-07-01 07:03:39","Chunk 2","0.5946","0.5341","0.4534","0.0132","0.1541","-10.0971","0.0399","108.7756","0.4587"
"Hum Tum","Jatin-Lalit, Alka Yagnik, Babul Supriyo, Prasoon Joshi","2025-07-01 07:03:24","Chunk 10","0.4907","0.489","0.6555","0.0064","0.1604","-7.4483","0.0394","103.6526","0.4782"
"Hum Tum","Jatin-Lalit, Alka Yagnik, Babul Supriyo, Prasoon Joshi","2025-07-01 07:03:29","Chunk 7","0.4469","0.5014","0.6325","0.3354","0.1437","-10.0295","0.0317","99.4736","0.5753"
"Hum Tum","Jatin-Lalit, Alka Yagnik, Babul Supriyo, Prasoon Joshi","2025-07-01 07:03:39","Chunk 3","0.6863","0.5061","0.5856","0.0372","0.1542","-8.6092","0.0453","94.0515","0.4733"
"Darkside","Alan Walker, Au/Ra, Tomine Harket","2025-07-01 07:05:48","Chunk 1","0.9344","0.3738","0.1644","0.0624","0.1249","-15.1735","0.0366","87.2179","0.1786"
"Darkside","Alan Walker, Au/Ra, Tomine Harket","2025-07-01 07:05:48","Chunk 2","0.3811","0.5572","0.5067","0.0015","0.1513","-7.2489","0.0401","82.9197","0.2701"
"Darkside","Alan Walker, Au/Ra, Tomine Harket","2025-07-01 07:05:48","Chunk 3","0.1183","0.4788","0.6275","0.0069","0.146","-6.5836","0.0601","168.3794","0.2705"
"Darkside","Alan Walker, Au/Ra, Tomine Harket","2025-07-01 07:05:48","Chunk 4","0.3825","0.5629","0.5295","0.0028","0.1466","-7.2717","0.0414","92.6208","0.3258"
"Darkside","Alan Walker, Au/Ra, Tomine Harket","2025-07-01 07:05:48","Chunk 5","0.1284","0.5161","0.6358","0.0012","0.1531","-5.5009","0.0452","83.7268","0.2614"
"Darkside","Alan Walker, Au/Ra, Tomine Harket","2025-07-01 07:05:48","Chunk 6","0.4861","0.4112","0.4124","0.0318","0.1586","-11.5138","0.0402","93.572","0.2036"
"Darkside","Alan Walker, Au/Ra, Tomine Harket","2025-07-01 07:05:48","Chunk 7","0.2177","0.4821","0.5916","0.007","0.1858","-7.4096","0.066","93.7062","0.2441"
"Darkside","Alan Walker, Au/Ra, Tomine Harket","2025-07-01 07:05:48","Chunk 8","0.0066","0.7263","1","0.7765","0.1841","2.6777","0.1485","135.8505","0"
"Aadat - From ""Kalyug""","Atif Aslam, Jal, Mithoon","2025-07-01 07:07:13","Chunk 1","0.73","0.2635","0.2235","0.1577","0.1284","-12.5845","0.0363","96.5499","0.089"
"Aadat - From ""Kalyug""","Atif Aslam, Jal, Mithoon","2025-07-01 07:07:13","Chunk 2","0.5818","0.4496","0.3273","0.0126","0.1218","-11.9306","0.0374","108.9632","0.2637"
"Aadat - From ""Kalyug""","Atif Aslam, Jal, Mithoon","2025-07-01 07:07:13","Chunk 3","0.4013","0.5647","0.472","0.0032","0.131","-8.8884","0.0422","113.6324","0.4305"
"Aadat - From ""Kalyug""","Atif Aslam, Jal, Mithoon","2025-07-01 07:07:13","Chunk 4","0.1586","0.6716","0.7714","0.0003","0.1371","-6.2508","0.0549","100.6297","0.5611"
"Aadat - From ""Kalyug""","Atif Aslam, Jal, Mithoon","2025-07-01 07:07:13","Chunk 5","0.2719","0.6427","0.7523","0","0.1298","-6.4458","0.0449","105.3755","0.5973"
"Aadat - From ""Kalyug""","Atif Aslam, Jal, Mithoon","2025-07-01 07:07:13","Chunk 6","0.2648","0.5697","0.6787","0.2591","0.1358","-8.7888","0.0468","96.8795","0.6453"
"Aadat - From ""Kalyug""","Atif Aslam, Jal, Mithoon","2025-07-01 07:07:13","Chunk 7","0.1434","0.6377","0.7913","0.0028","0.1378","-6.5462","0.0596","124.3733","0.6062"
"Aadat - From ""Kalyug""","Atif Aslam, Jal, Mithoon","2025-07-01 07:07:13","Chunk 8","0.347","0.5874","0.6785","0","0.1306","-6.8496","0.0341","111.4777","0.4837"
"Aadat - From ""Kalyug""","Atif Aslam, Jal, Mithoon","2025-07-01 07:07:13","Chunk 9","0.3483","0.509","0.6319","0.0037","0.1277","-6.9105","0.038","126.6105","0.4332"
"Aadat - From ""Kalyug""","Atif Aslam, Jal, Mithoon","2025-07-01 07:07:13","Chunk 10","0.0146","0.4527","0.882","0.009","0.1839","-4.6003","0.0633","141.2764","0.4564"
"Aadat - From ""Kalyug""","Atif Aslam, Jal, Mithoon","2025-07-01 07:07:13","Chunk 12","0.0998","0.6937","1","0.8405","0.1818","2.9251","0.1673","163.3026","0"
"Show Me The Thumka (From ""Tu Jhoothi Main Makkaar"")","Pritam, Amitabh Bhattacharya, Sunidhi Chauhan, Shashwat Singh","2025-07-01 07:10:38","Chunk 1","0.491","0.7728","0.6597","0.0459","0.1032","-8.1265","0.1037","117.7373","0.6383"
"Show Me The Thumka (From ""Tu Jhoothi Main Makkaar"")","Pritam, Amitabh Bhattacharya, Sunidhi Chauhan, Shashwat Singh","2025-07-01 07:10:38","Chunk 2","0.64","0.7517","0.8665","0.0317","0.1293","-5.915","0.0578","122.7756","0.7624"
"Show Me The Thumka (From ""Tu Jhoothi Main Makkaar"")","Pritam, Amitabh Bhattacharya, Sunidhi Chauhan, Shashwat Singh","2025-07-01 07:10:38","Chunk 3","0.566","0.7831","0.7854","0","0.1217","-5.7206","0.1388","115.522","0.6787"
"Show Me The Thumka (From ""Tu Jhoothi Main Makkaar"")","Pritam, Amitabh Bhattacharya, Sunidhi Chauhan, Shashwat Singh","2025-07-01 07:10:38","Chunk 4","0.3919","0.766","0.91","0.2673","0.1393","-5.3019","0.076","130.466","0.7934"
"Show Me The Thumka (From ""Tu Jhoothi Main Makkaar"")","Pritam, Amitabh Bhattacharya, Sunidhi Chauhan, Shashwat Singh","2025-07-01 07:10:38","Chunk 5","0.4738","0.7067","0.7841","0","0.1437","-5.9012","0.0917","128.8381","0.8365"
"Show Me The Thumka (From ""Tu Jhoothi Main Makkaar"")","Pritam, Amitabh Bhattacharya, Sunidhi Chauhan, Shashwat Singh","2025-07-01 07:10:38","Chunk 6","0.5836","0.6801","0.8159","0.0019","0.151","-5.4583","0.1236","123.8441","0.7211"
"Show Me The Thumka (From ""Tu Jhoothi Main Makkaar"")","Pritam, Amitabh Bhattacharya, Sunidhi Chauhan, Shashwat Singh","2025-07-01 07:10:38","Chunk 7","0.5487","0.7925","0.8954","0.0545","0.1297","-5.0915","0.0759","117.5169","0.8265"
"Show Me The Thumka (From ""Tu Jhoothi Main Makkaar"")","Pritam, Amitabh Bhattacharya, Sunidhi Chauhan, Shashwat Singh","2025-07-01 07:10:38","Chunk 8","0.6003","0.6447","0.8492","0.0993","0.1842","-6.9485","0.0606","122.2347","0.6414"
"Memories","Maroon 5","2025-07-01 07:14:34","Chunk 1","0.9448","0.552","0.2432","0.013","0.1406","-12.5832","0.0635","77.3346","0.5035"
"Memories","Maroon 5","2025-07-01 07:14:34","Chunk 2","0.9382","0.4936","0.2563","0.0074","0.1324","-10.3207","0.0649","100.4862","0.3758"
"Memories","Maroon 5","2025-07-01 07:14:34","Chunk 3","0.878","0.5987","0.2943","0.0036","0.1166","-8.9835","0.0385","92.1253","0.5246"
"Memories","Maroon 5","2025-07-01 07:14:34","Chunk 4","0.8488","0.5196","0.3433","0.0015","0.1223","-8.0498","0.0373","97.503","0.4131"
"Memories","Maroon 5","2025-07-01 07:14:34","Chunk 5","0.8311","0.5406","0.3752","0.0021","0.1341","-8.4541","0.0362","115.9076","0.5706"
"Memories","Maroon 5","2025-07-01 07:14:34","Chunk 6","0.9269","0.4624","0.3007","0.0081","0.1262","-9.9184","0.028","113.9513","0.2926"
"Memories","Maroon 5","2025-07-01 07:14:34","Chunk 7","0.6795","0.063","0.4578","0.2916","0.169","-13.3742","0.0174","70.0926","0.2439"
"Dynamite","Taio Cruz","2025-07-01 07:17:44","Chunk 1","0.0345","0.8167","0.6017","0.003","0.1198","-7.2768","0.1324","117.3234","0.6526"
"Dynamite","Taio Cruz","2025-07-01 07:17:44","Chunk 2","0.0306","0.6862","0.6907","0.0007","0.145","-6.7557","0.0824","114.7713","0.5567"
"Dynamite","Taio Cruz","2025-07-01 07:17:44","Chunk 3","0.0242","0.7716","0.6199","0","0.1282","-7.4288","0.0708","114.0935","0.6686"
"Dynamite","Taio Cruz","2025-07-01 07:17:44","Chunk 4","0.0537","0.6757","0.712","0","0.1516","-6.2781","0.0975","119.232","0.6193"
"Dynamite","Taio Cruz","2025-07-01 07:17:44","Chunk 5","0.0301","0.6675","0.7113","0.005","0.14","-5.6475","0.0385","116.6446","0.4684"
"Dynamite","Taio Cruz","2025-07-01 07:17:44","Chunk 6","0.0452","0.5422","0.6985","0.0106","0.1675","-7.4357","0.0518","124.281","0.4029"
"Dynamite","Taio Cruz","2025-07-01 07:17:44","Chunk 7","0","0.5374","0.726","0.0107","0.1851","-7.1933","0.0751","103.6217","0.4067"
"See You Again (feat. Charlie Puth)","Wiz Khalifa, Charlie Puth","2025-07-01 07:21:09","Chunk 1","0.9726","0.5567","0.0879","0.0186","0.1101","-15.2233","0.0521","110.987","0.3361"
"See You Again (feat. Charlie Puth)","Wiz Khalifa, Charlie Puth","2025-07-01 07:21:09","Chunk 2","0.3747","0.7257","0.4861","0","0.1416","-8.8609","0.1726","81.2385","0.3378"
"See You Again (feat. Charlie Puth)","Wiz Khalifa, Charlie Puth","2025-07-01 07:21:09","Chunk 3","0.5242","0.6748","0.4007","0","0.1287","-9.9317","0.1093","90.3512","0.3837"
"See You Again (feat. Charlie Puth)","Wiz Khalifa, Charlie Puth","2025-07-01 07:21:09","Chunk 4","0.4921","0.6007","0.4138","0","0.1246","-9.8137","0.0605","81.3797","0.3291"
"See You Again (feat. Charlie Puth)","Wiz Khalifa, Charlie Puth","2025-07-01 07:21:09","Chunk 5","0.2493","0.7393","0.6452","0","0.1312","-7.0237","0.2209","106.1629","0.4607"
"See You Again (feat. Charlie Puth)","Wiz Khalifa, Charlie Puth","2025-07-01 07:21:09","Chunk 6","0.8724","0.5338","0.2338","0.0073","0.1392","-12.0526","0.0843","93.268","0.2576"
"See You Again (feat. Charlie Puth)","Wiz Khalifa, Charlie Puth","2025-07-01 07:21:09","Chunk 7","0.6959","0.6058","0.2829","0.0017","0.1241","-11.5916","0.0728","99.0747","0.4861"
"i'm fucked, i know","Munn, Delanie Leclerc","2025-07-01 07:25:00","Chunk 1","0.9003","0.6436","0.2607","0","0.1138","-10.9804","0.0529","112.6653","0.4016"
"i'm fucked, i know","Munn, Delanie Leclerc","2025-07-01 07:25:00","Chunk 2","0.8056","0.6706","0.4161","0","0.102","-8.3072","0.0389","124.6094","0.482"
"i'm fucked, i know","Munn, Delanie Leclerc","2025-07-01 07:25:00","Chunk 3","0.6999","0.7362","0.4187","0.0003","0.0982","-8.9271","0.0451","124.3182","0.4924"
"i'm fucked, i know","Munn, Delanie Leclerc","2025-07-01 07:25:00","Chunk 4","0.7919","0.6754","0.4297","0.0061","0.1128","-9.9943","0.0411","127.1212","0.4322"
"i'm fucked, i know","Munn, Delanie Leclerc","2025-07-01 07:25:00","Chunk 5","0.7594","0.5793","0.494","0.0045","0.1309","-9.0851","0.0452","126.448","0.4312"
"Candy Shop","50 Cent, Olivia","2025-07-01 07:27:25","Chunk 1","0.1293","0.7351","0.535","0.01","0.1355","-10.1016","0.2074","96.7823","0.6345"
"Candy Shop","50 Cent, Olivia","2025-07-01 07:27:25","Chunk 2","0.1078","0.6726","0.6959","0","0.213","-8.9688","0.54","123.2237","0.6151"
"Candy Shop","50 Cent, Olivia","2025-07-01 07:27:25","Chunk 5","0.1367","0.6719","0.6799","0","0.2072","-9.3901","0.5409","141.9128","0.6675"
"Candy Shop","50 Cent, Olivia","2025-07-01 07:27:25","Chunk 6","0.1123","0.6692","0.5983","0.0037","0.1763","-8.7701","0.3038","94.7928","0.5319"
"Candy Shop","50 Cent, Olivia","2025-07-01 07:27:25","Chunk 7","0.0203","0.6945","0.4372","0.7426","0.1478","-12.2648","0.1493","100.592","0.4771"
"Rang (From ""Sky Force"")","Tanishk Bagchi, Satinder Sartaaj, Zahrah S Khan, Shloke Lal","2025-07-01 07:30:56","Chunk 1","0.1728","0.7876","0.528","0.0411","0.1233","-10.9797","0.0814","121.6118","0.4877"
"Rang (From ""Sky Force"")","Tanishk Bagchi, Satinder Sartaaj, Zahrah S Khan, Shloke Lal","2025-07-01 07:30:56","Chunk 3","0.0574","0.7044","0.7495","0.0272","0.132","-7.9012","0.043","127.327","0.5945"
"Rang (From ""Sky Force"")","Tanishk Bagchi, Satinder Sartaaj, Zahrah S Khan, Shloke Lal","2025-07-01 07:30:56","Chunk 4","0.2785","0.6797","0.7677","0.0023","0.1644","-7.3094","0.071","119.501","0.6003"
"Rang (From ""Sky Force"")","Tanishk Bagchi, Satinder Sartaaj, Zahrah S Khan, Shloke Lal","2025-07-01 07:30:56","Chunk 5","0.1694","0.6467","0.7398","0.0033","0.1469","-7.4594","0.0499","130.8309","0.5809"
"Rang (From ""Sky Force"")","Tanishk Bagchi, Satinder Sartaaj, Zahrah S Khan, Shloke Lal","2025-07-01 07:30:56","Chunk 6","0.0979","0.7154","0.7605","0.0036","0.1574","-7.2086","0.0501","126.8353","0.6462"
"Rang (From ""Sky Force"")","Tanishk Bagchi, Satinder Sartaaj, Zahrah S Khan, Shloke Lal","2025-07-01 07:30:56","Chunk 7","0.0958","0.6957","0.8225","0.0045","0.141","-5.8024","0.041","124.7218","0.6853"
"Rang (From ""Sky Force"")","Tanishk Bagchi, Satinder Sartaaj, Zahrah S Khan, Shloke Lal","2025-07-01 07:30:56","Chunk 8","0.5235","0.1828","0.5648","0.1054","0.2039","-12.3074","0.0292","79.4873","0.296"
"Cradles","Sub Urban","2025-07-01 07:34:36","Chunk 1","0.4861","0.4735","0.5022","0.0374","0.1815","-11.5087","0.093","147.6581","0.4956"
"Cradles","Sub Urban","2025-07-01 07:34:36","Chunk 2","0.5178","0.6882","0.4991","0","0.1391","-8.004","0.1516","129.752","0.6071"
"Cradles","Sub Urban","2025-07-01 07:34:36","Chunk 3","0.2832","0.6489","0.4978","0.0356","0.1261","-7.8613","0.1555","132.6459","0.5545"
"Cradles","Sub Urban","2025-07-01 07:34:36","Chunk 4","0.5238","0.4656","0.5637","0.0075","0.2373","-8.9386","0.1026","123.1515","0.512"
"Cradles","Sub Urban","2025-07-01 07:34:36","Chunk 6","0.2633","0.726","0.6009","0","0.127","-7.1342","0.2069","117.5624","0.5013"
"Cradles","Sub Urban","2025-07-01 07:34:36","Chunk 7","0.2654","0.7115","0.444","0","0.168","-9.9981","0.3335","131.9276","0.5742"
"Counting Stars","OneRepublic","2025-07-01 07:38:07","Chunk 1","0.6825","0.6073","0.2966","0.0022","0.1071","-12.7143","0.0429","113.6571","0.4545"
"Counting Stars","OneRepublic","2025-07-01 07:38:07","Chunk 2","0.1782","0.6937","0.7675","0.0061","0.1164","-6.718","0.0474","116.1194","0.6834"
"Counting Stars","OneRepublic","2025-07-01 07:38:07","Chunk 3","0.0964","0.6677","0.6025","0.0086","0.121","-8.3882","0.038","117.8094","0.4728"
"Counting Stars","OneRepublic","2025-07-01 07:38:07","Chunk 4","0.0926","0.611","0.7407","0.0037","0.1382","-6.7073","0.0343","120.1512","0.5252"
"Counting Stars","OneRepublic","2025-07-01 07:38:07","Chunk 5","0.3132","0.669","0.654","0","0.1149","-7.1799","0.0475","113.4967","0.594"
"Counting Stars","OneRepublic","2025-07-01 07:38:07","Chunk 6","0.0889","0.5898","0.7503","0.0059","0.1353","-6.2043","0.0384","118.9151","0.4394"
"Counting Stars","OneRepublic","2025-07-01 07:38:07","Chunk 7","0.4269","0.6683","0.6079","0","0.1663","-9.381","0.1169","122.7858","0.6732"
"Counting Stars","OneRepublic","2025-07-01 07:38:07","Chunk 8","0.0757","0.6148","0.74","0.0082","0.1481","-6.667","0.0347","118.8574","0.4774"
"Counting Stars","OneRepublic","2025-07-01 07:38:07","Chunk 9","0.2956","0.3937","0.6893","0.0215","0.1854","-9.4592","0.0524","99.0666","0.4416"
"Ik Vaari Aa","Pritam, Arijit Singh, Amitabh Bhattacharya","2025-07-01 07:42:27","Chunk 1","0.9089","0.5026","0.2612","0.0361","0.1231","-14.6219","0.0404","102.9129","0.3011"
"Ik Vaari Aa","Pritam, Arijit Singh, Amitabh Bhattacharya","2025-07-01 07:42:27","Chunk 2","0.8542","0.4561","0.4216","0.0091","0.1274","-8.4834","0.0353","105.4521","0.3865"
"Ik Vaari Aa","Pritam, Arijit Singh, Amitabh Bhattacharya","2025-07-01 07:42:27","Chunk 3","0.3673","0.6003","0.6294","0.0033","0.1411","-6.8426","0.0471","129.8581","0.4936"
"Ik Vaari Aa","Pritam, Arijit Singh, Amitabh Bhattacharya","2025-07-01 07:42:27","Chunk 4","0.2167","0.6343","0.6979","0","0.1599","-7.0688","0.0483","131.8664","0.5575"
"Ik Vaari Aa","Pritam, Arijit Singh, Amitabh Bhattacharya","2025-07-01 07:42:27","Chunk 5","0.4176","0.6093","0.6613","0.0008","0.1449","-7.0896","0.0512","134.2265","0.4841"
"Ik Vaari Aa","Pritam, Arijit Singh, Amitabh Bhattacharya","2025-07-01 07:42:27","Chunk 6","0.2203","0.5858","0.7548","0.0042","0.1579","-5.7471","0.0577","131.8271","0.5584"
"Ik Vaari Aa","Pritam, Arijit Singh, Amitabh Bhattacharya","2025-07-01 07:42:27","Chunk 7","0.1446","0.5605","0.6859","0.0015","0.179","-6.8581","0.0524","132.0603","0.491"
"Ik Vaari Aa","Pritam, Arijit Singh, Amitabh Bhattacharya","2025-07-01 07:42:27","Chunk 8","0.3006","0.5714","0.6611","0","0.162","-6.4328","0.0431","118.492","0.5399"
"Ik Vaari Aa","Pritam, Arijit Singh, Amitabh Bhattacharya","2025-07-01 07:42:27","Chunk 9","0.1279","0.5617","0.7628","0.0132","0.2246","-7.3053","0.0747","132.5792","0.3284"
"Ik Vaari Aa","Pritam, Arijit Singh, Amitabh Bhattacharya","2025-07-01 07:42:27","Chunk 10","0.0949","0.2701","0.594","0.4508","0.1648","-9.6911","0.0415","134.2054","0.1349"
"MONEY","LISA","2025-07-01 07:47:02","Chunk 1","0.2784","0.7419","0.5774","0","0.1279","-9.3289","0.173","112.275","0.6423"
"MONEY","LISA","2025-07-01 07:47:02","Chunk 2","0.3084","0.7125","0.5709","0.0006","0.1752","-7.9129","0.162","111.0374","0.5287"
"MONEY","LISA","2025-07-01 07:47:02","Chunk 3","0.1296","0.8194","0.6931","0.0022","0.2068","-7.9138","0.3565","122.6433","0.6507"
"MONEY","LISA","2025-07-01 07:47:02","Chunk 4","0.2186","0.7624","0.6107","0.004","0.1547","-7.056","0.1243","130.8134","0.6028"
"MONEY","LISA","2025-07-01 07:47:02","Chunk 5","0.0659","0.7223","0.5868","0.0239","0.147","-8.3105","0.1632","103.5826","0.4116"
"MONEY","LISA","2025-07-01 07:47:02","Chunk 6","0.0856","0.5396","0.6335","0.7377","0.1681","-9.1826","0.0734","101.675","0.2569"
"Mere Liye Tum Kaafi Ho","Ayushmann Khurrana","2025-07-01 07:49:43","Chunk 1","0.7642","0.7509","0.3693","0.0002","0.1125","-9.1627","0.1022","115.6042","0.7024"
"Mere Liye Tum Kaafi Ho","Ayushmann Khurrana","2025-07-01 07:49:43","Chunk 2","0.7097","0.7745","0.5418","0.0025","0.1195","-7.1362","0.0601","114.9329","0.7953"
"Mere Liye Tum Kaafi Ho","Ayushmann Khurrana","2025-07-01 07:49:43","Chunk 3","0.6255","0.739","0.5539","0","0.1133","-7.647","0.102","111.6581","0.7053"
"Mere Liye Tum Kaafi Ho","Ayushmann Khurrana","2025-07-01 07:49:43","Chunk 4","0.5728","0.6933","0.6667","0.0003","0.1211","-6.6447","0.07","153.8857","0.7632"
"Mere Liye Tum Kaafi Ho","Ayushmann Khurrana","2025-07-01 07:49:43","Chunk 5","0.4434","0.332","0.6063","0.3242","0.1572","-9.7996","0.0372","93.0486","0.4408"
"Mere Mehboob","Sachin-Jigar, Shilpa Rao, Sachet Tandon, Priya Saraiya","2025-07-01 07:51:53","Chunk 1","0.7465","0.6404","0.2795","0.0161","0.1153","-14.1075","0.0579","111.6536","0.4857"
"Mere Mehboob","Sachin-Jigar, Shilpa Rao, Sachet Tandon, Priya Saraiya","2025-07-01 07:51:53","Chunk 2","0.4299","0.6982","0.654","0","0.1319","-6.3862","0.0378","115.4192","0.7181"
"Mere Mehboob","Sachin-Jigar, Shilpa Rao, Sachet Tandon, Priya Saraiya","2025-07-01 07:51:53","Chunk 3","0.4413","0.6611","0.6645","0","0.1363","-6.3719","0.0385","124.5084","0.6383"
"Mere Mehboob","Sachin-Jigar, Shilpa Rao, Sachet Tandon, Priya Saraiya","2025-07-01 07:51:53","Chunk 4","0.2053","0.6255","0.8159","0","0.1447","-5.5144","0.0376","120.7756","0.7092"
"Mere Mehboob","Sachin-Jigar, Shilpa Rao, Sachet Tandon, Priya Saraiya","2025-07-01 07:51:53","Chunk 5","0.5121","0.6312","0.6477","0","0.1227","-6.7973","0.037","118.2735","0.5843"
"Mere Mehboob","Sachin-Jigar, Shilpa Rao, Sachet Tandon, Priya Saraiya","2025-07-01 07:51:53","Chunk 6","0.4505","0.6425","0.6897","0","0.124","-6.8688","0.0346","119.9304","0.6664"
"Mere Mehboob","Sachin-Jigar, Shilpa Rao, Sachet Tandon, Priya Saraiya","2025-07-01 07:51:53","Chunk 7","0.3264","0.5912","0.7675","0","0.1662","-6.4972","0.0398","126.562","0.6183"
"Mere Mehboob","Sachin-Jigar, Shilpa Rao, Sachet Tandon, Priya Saraiya","2025-07-01 07:51:53","Chunk 8","0.1688","0.3125","0.2922","0.0384","0.1695","-18.265","0.0618","159.4648","0.054"
"WITHOUT YOU","The Kid LAROI","2025-07-01 07:58:54","Chunk 1","0.5135","0.5629","0.4435","0.0047","0.123","-8.8105","0.0445","91.9586","0.4427","Sad"
"WITHOUT YOU","The Kid LAROI","2025-07-01 07:58:54","Chunk 2","0.5807","0.5445","0.4503","0","0.1135","-6.6954","0.042","136.5236","0.4158","Sad"
"WITHOUT YOU","The Kid LAROI","2025-07-01 07:58:54","Chunk 3","0.1795","0.5294","0.4473","0.0152","0.1087","-8.4716","0.0465","150.6015","0.188","Sad"
"WITHOUT YOU","The Kid LAROI","2025-07-01 07:58:54","Chunk 4","0.4223","0.6122","0.4266","0.0075","0.1088","-7.7159","0.0468","134.6999","0.2892","Sad"
"WITHOUT YOU","The Kid LAROI","2025-07-01 07:58:54","Chunk 5","0.2636","0.5631","0.4478","0.0073","0.1043","-8.1825","0.0461","153.4287","0.2905","Sad"
"WITHOUT YOU","The Kid LAROI","2025-07-01 07:58:54","Chunk 6","0.7396","0.2045","0.3456","0.0412","0.1629","-14.0329","0.0276","108.8613","0.2369","Sad"
"Love You Zindagi","Amit Trivedi, Jasleen Royal, Kausar Munir","2025-07-01 08:01:14","Chunk 1","0.9135","0.5067","0.1574","0.0575","0.1137","-15.7852","0.0419","103.0018","0.3851","Sad"
"Love You Zindagi","Amit Trivedi, Jasleen Royal, Kausar Munir","2025-07-01 08:01:14","Chunk 2","0.8258","0.6406","0.2438","0.0065","0.1225","-11.688","0.0415","115.8242","0.4611","Sad"
"Love You Zindagi","Amit Trivedi, Jasleen Royal, Kausar Munir","2025-07-01 08:01:14","Chunk 4","0.501","0.629","0.5981","0.0018","0.1542","-8.9957","0.0382","109.1484","0.5516","Sad"
"Love You Zindagi","Amit Trivedi, Jasleen Royal, Kausar Munir","2025-07-01 08:01:14","Chunk 5","0.71","0.6941","0.3772","0.0061","0.1335","-11.6459","0.0417","108.2243","0.5574","Sad"
"Love You Zindagi","Amit Trivedi, Jasleen Royal, Kausar Munir","2025-07-01 08:01:14","Chunk 6","0.1906","0.6406","0.5924","0.0093","0.127","-8.5493","0.0362","111.3405","0.4576","Sad"
"Love You Zindagi","Amit Trivedi, Jasleen Royal, Kausar Munir","2025-07-01 08:01:14","Chunk 7","0.132","0.6002","0.7653","0.0149","0.1433","-6.9563","0.0352","110.4757","0.5868","Happy"
"Love You Zindagi","Amit Trivedi, Jasleen Royal, Kausar Munir","2025-07-01 08:01:14","Chunk 8","0.2136","0.4437","0.7102","0.6781","0.1872","-9.6988","0.0388","99.951","0.4442","Sad"
"Another Love","Tom Odell","2025-07-02 05:12:59","Chunk 1","0.9656","0.5994","0.1212","0.0257","0.1296","-16.9616","0.0621","99.6858","0.3552","Sad"
"Another Love","Tom Odell","2025-07-02 05:12:59","Chunk 2","0.8931","0.6587","0.1269","0.0032","0.1009","-14.6203","0.0502","99.5966","0.269","Sad"
"Another Love","Tom Odell","2025-07-02 05:12:59","Chunk 3","0.9074","0.5692","0.0829","0.0062","0.1072","-16.8636","0.0512","110.6417","0.282","Sad"
"Another Love","Tom Odell","2025-07-02 05:12:59","Chunk 4","0.7701","0.4743","0.3882","0.3906","0.1145","-13.0624","0.0373","116.8788","0.2086","Sad"
"Another Love","Tom Odell","2025-07-02 05:12:59","Chunk 5","0.5994","0.6035","0.6599","0.0076","0.1229","-7.1432","0.0418","122.052","0.405","Sad"
"Another Love","Tom Odell","2025-07-02 05:12:59","Chunk 6","0.4327","0.6161","0.6709","0.0274","0.1233","-7.5944","0.036","120.8992","0.4498","Sad"
"Another Love","Tom Odell","2025-07-02 05:12:59","Chunk 7","0.2363","0.5124","0.8204","0.1081","0.1425","-5.3993","0.0478","118.8369","0.4324","Sad"
"Another Love","Tom Odell","2025-07-02 05:12:59","Chunk 8","0.3325","0.5576","0.5891","0.1608","0.1292","-8.932","0.0424","118.8875","0.2799","Sad"
"Another Love","Tom Odell","2025-07-02 05:12:59","Chunk 9","0.2154","0.3127","0.1168","0.0605","0.1545","-23.3625","0.0732","153.672","0.1276","Sad"
"Dildaara (Stand By Me)","Vishal-Shekhar, Shafqat Amanat Ali, Kumaar","2025-07-02 05:16:09","Chunk 1","0.116","0.7987","0.3495","0.0228","0.1228","-11.7737","0.217","109.2121","0.6058","Happy"
"Dildaara (Stand By Me)","Vishal-Shekhar, Shafqat Amanat Ali, Kumaar","2025-07-02 05:16:09","Chunk 2","0.3404","0.6676","0.6235","0.0034","0.1127","-7.7778","0.0593","160.3374","0.7501","Sad"
"Dildaara (Stand By Me)","Vishal-Shekhar, Shafqat Amanat Ali, Kumaar","2025-07-02 05:16:09","Chunk 3","0.3838","0.4495","0.7122","0","0.143","-6.32","0.047","218.4463","0.7078","Happy"
"Dildaara (Stand By Me)","Vishal-Shekhar, Shafqat Amanat Ali, Kumaar","2025-07-02 05:16:09","Chunk 4","0.1965","0.4816","0.6868","0.0026","0.1484","-6.8873","0.0362","178.5603","0.591","Happy"
"Dildaara (Stand By Me)","Vishal-Shekhar, Shafqat Amanat Ali, Kumaar","2025-07-02 05:16:09","Chunk 5","0.1132","0.3749","0.6604","0.0055","0.1451","-8.0182","0.0485","193.3559","0.4154","Happy"
"Count on Me","Bruno Mars","2025-07-02 05:17:47","Chunk 1","0.8915","0.6535","0.298","0.0066","0.1148","-9.9344","0.0425","99.2044","0.5944","Sad"
"Count on Me","Bruno Mars","2025-07-02 05:17:47","Chunk 2","0.8709","0.5388","0.3424","0.0053","0.1166","-8.1181","0.0307","120.5254","0.5646","Sad"
"Count on Me","Bruno Mars","2025-07-02 05:17:47","Chunk 3","0.9037","0.4867","0.2962","0.0091","0.1259","-9.2751","0.0317","125.0935","0.4163","Sad"
"Count on Me","Bruno Mars","2025-07-02 05:17:47","Chunk 4","0.8962","0.4446","0.2878","0.0079","0.1151","-9.7937","0.024","124.1125","0.377","Sad"
"Count on Me","Bruno Mars","2025-07-02 05:17:47","Chunk 5","0.8701","0.4651","0.3482","0.0039","0.1261","-9.1865","0.0285","89.6958","0.3656","Sad"
"Count on Me","Bruno Mars","2025-07-02 05:17:47","Chunk 6","0.8737","0.4488","0.3038","0.0085","0.1209","-9.5072","0.0261","113.5907","0.3341","Sad"
"Count on Me","Bruno Mars","2025-07-02 05:17:47","Chunk 7","0.8274","0.1693","0.332","0.0458","0.1564","-13.3378","0.0313","64.3371","0.1944","Sad"
